<?xml version="1.0" encoding="UTF-8" ?>
<!DOCTYPE mapper PUBLIC "-//mybatis.org//DTD Mapper 3.0//EN" "http://mybatis.org/dtd/mybatis-3-mapper.dtd" >
<mapper namespace="com.dltt.customer.mapper.CustomerMapper" >
  <resultMap id="BaseResultMap" type="com.dltt.customer.vo.Customer" >
    <id column="customer_phone" property="customerPhone" jdbcType="BIGINT" />
    <result column="customer_pwd" property="customerPwd" jdbcType="VARCHAR" />
    <result column="customer_name" property="customerName" jdbcType="VARCHAR" />
  </resultMap>
  <sql id="Base_Column_List" >
    customer_Phone, customer_Pwd, customer_name
  </sql>
  <select id="selectCustomer" resultMap="BaseResultMap" parameterType="com.dltt.customer.vo.Customer">
    select * from customer where customer_phone = #{customerPhone,jdbcType=BIGINT}
                             and customer_pwd = #{customerPwd,jdbcType=VARCHAR}
  </select>
  <select id="selectByPrimaryKey" resultMap="BaseResultMap" parameterType="java.lang.Long" >
    select
    <include refid="Base_Column_List" />
    from customer
    where customer_phone = #{customerPhone,jdbcType=BIGINT}
  </select>
  <delete id="deleteByPrimaryKey" parameterType="java.lang.Long" >
    delete from customer
    where customer_phone = #{customerPhone,jdbcType=BIGINT}
  </delete>
  <insert id="insert" parameterType="com.dltt.customer.vo.Customer" >
    insert into customer (customer_phone, customer_pwd, customer_name
    )
    values (#{customerPhone,jdbcType=BIGINT}, #{customerPwd,jdbcType=VARCHAR}, #{customerName,jdbcType=VARCHAR}
           )
  </insert>
  <insert id="insertSelective" parameterType="com.dltt.customer.vo.Customer" >
    insert into customer
    <trim prefix="(" suffix=")" suffixOverrides="," >
      <if test="customerPhone != null" >
        customer_phone,
      </if>
      <if test="customerPwd != null" >
        customer_pwd,
      </if>
      <if test="customerName != null" >
        customer_name,
      </if>
    </trim>
    <trim prefix="values (" suffix=")" suffixOverrides="," >
      <if test="customerPhone != null" >
        #{customerPhone,jdbcType=BIGINT},
      </if>
      <if test="customerPwd != null" >
        #{customerPwd,jdbcType=VARCHAR},
      </if>
      <if test="customerName != null" >
        #{customerName,jdbcType=VARCHAR},
      </if>
    </trim>
  </insert>
  <update id="updateByPrimaryKeySelective" parameterType="com.dltt.customer.vo.Customer" >
    update customer
    <set >
      <if test="customerPwd != null" >
        customer_pwd = #{customerPwd,jdbcType=VARCHAR},
      </if>
      <if test="customerName != null" >
        customer_name = #{customerName,jdbcType=VARCHAR},
      </if>
    </set>
    where customer_phone = #{customerPhone,jdbcType=BIGINT}
  </update>
  <update id="updateByPrimaryKey" parameterType="com.dltt.customer.vo.Customer" >
    update customer
    set customer_pwd = #{customerPwd,jdbcType=VARCHAR},
        customer_name = #{customerName,jdbcType=VARCHAR}
    where customer_phone = #{customerPhone,jdbcType=BIGINT}
  </update>
</mapper>